	a	b	v	x	z
29	-0.9070991745600046	0.6578309483013547	0.3083492029481489	0.2645643072752797	-0.2790509897168922
535	0.889531459764856	-0.7562278133261049	0.6682891940013516	-0.7406420435515293	0.1759832589276655
695	0.2212400848832652	-0.8636553812290129	0.0380645602590974	-0.939792255577362	0.759829253454029
557	-0.942434647373322	-0.1779430603865905	-0.4008686440922522	-0.024331362911975	0.3581332089912747
836	0.8296918021362001	-0.7438085072676	0.986510030845928	0.8651097568386241	-0.2452736464066984
596	0.3351154770420543	-0.4516786668803882	-0.4571812391065712	-0.5403465484047631	0.4904294853816691
165	0.6706049911784759	0.6359340482381244	0.958209876030309	-0.0178085412336697	-0.2225473042469066
918	0.5272115883195216	-0.2169486036443413	-0.1547416059727817	0.3421863141719521	0.5196473168567768
495	-0.2932955439478943	0.3364255971100325	-0.0153490399976361	-0.577536337054138	0.2202158440724693
824	0.0747912058758457	0.2878085070822613	-0.3566600206809027	-0.581881252586308	0.0891106493093509
65	0.0853921663164969	0.475164603177783	0.5725563987680662	-0.4651959442849174	-0.7943148156850466
141	-0.4964354083492717	-0.3043815841956139	0.0815875099710887	0.8415332169267147	-0.7308474657917845
925	-0.9550613833597652	-0.8140187203537357	0.8038803934983001	-0.9484608024712976	-0.4858746156215825
827	-0.3060935962075446	0.9369775551887676	-0.8092014453735787	-0.0357358021603162	-0.664866921390987
655	-0.7448393944088725	0.8739156460621256	-0.166991136192242	-0.5911032550714539	-0.6634428229845744
331	0.5156922209287382	0.4384035565445277	-0.8809505993044566	0.4845063743981743	-0.7356406844922565
664	-0.7964350547591925	0.9843160296466252	0.2155042445054451	0.1023199238327441	0.6591254313660997
249	0.7060189109347201	0.233300629041476	-0.7701340058808663	0.2628378424367528	0.9386436245683578
907	-0.316365296604248	-0.264118497395831	-0.5477493375006561	-0.3830634370210319	-0.5884112460211566
708	-0.4907186904724723	0.2391759097956591	-0.9648952732667422	-0.4367679157887365	0.6405066378897795
305	0.9517041589250692	0.7419382474921712	-0.2059699175256166	-0.2989589314276764	-0.8396264863757734
734	-0.282339031752995	-0.738579246519601	0.8854486381882245	-0.506682768389187	-0.138928358173926
975	-0.4754719114003498	0.881358490230681	-0.9496131720815412	0.8084865828151302	-0.1065470625947189
49	-0.6302910889489459	-0.9574611782992256	-0.8365493085064435	-0.4714474736827214	-0.5969432439873743
896	-0.4137045394779735	0.231970900520358	0.0781891054720174	-0.7071274867943678	-0.7056734978101094
2	0.4639878836228102	0.7458916717528166	0.8125091610420734	-0.499064202415002	0.5203218595803181
544	0.2362564809157916	0.9258537504751596	-0.8227905720606419	0.7293178437162802	-0.1993743276540118
350	0.0062725171601754	0.7340629922448971	0.2721920928190844	-0.5701747259272083	0.5688109464255946
904	-0.1571508988150041	0.4914675654624643	0.0450203621711768	0.6884246505722862	0.852119119636531
536	0.6992947813548229	-0.6377013009306394	0.4809522639070382	-0.487073877966468	-0.1470005055162777
344	-0.2029905312052531	0.4854130423999621	0.8834514232378501	-0.0521575597677945	0.1760009268592568
994	-0.2780522061199464	0.5027501720580914	-0.7365699428418129	-0.0149292385714214	-0.8631185815147477
481	0.3914973779692343	-0.7595818892587831	0.7541811620363779	0.1452144657640448	-0.0565203249631218
575	0.8990412473152842	-0.8085708889596765	0.2809520843516879	-0.2570654747512464	-0.3748039501833997
33	0.8977710745066665	-0.7588662284454424	0.944010659263074	-0.7972542048936817	0.9851635909755267
31	-0.6589517526254169	0.192539756964106	0.1306605091432198	-0.1633322717954397	-0.4587121160364686
231	0.0052741862103842	-0.5400907882178276	-0.9037143280432932	0.2155053661913051	0.112929274697644
963	-0.2214087719160469	-0.2323340961339119	0.9570509367782812	0.1665047846251135	0.4972174171636647
192	0.8008361143266609	-0.3082338860940865	0.3414646238116681	0.905630034005012	-8.201607042312986e-05
333	-0.7678547189861675	0.992667832113484	0.3731798269852135	-0.6100496001994216	0.287913158895227
3	0.1973169683940732	0.4644497728191223	-0.5009076003009878	0.2497481992139978	-0.6922001906124526
204	0.2128581193191798	-0.0227136191906685	0.4798082415338607	0.3538815659936747	-0.7839108812471858
514	-0.9095626597876212	-0.6084440286329078	0.2531850221864204	0.705094842491941	0.1010633611924511
799	0.8449987623545914	-0.9757830495302252	-0.6197847004325447	0.135948594632161	0.2698133183063256
306	0.0326006966023906	0.4281738642648556	-0.825814466408457	-0.2549334524808984	-0.0463222445337512
109	-0.846040180342414	-0.6922081873202899	0.967042945430444	0.2265833697747581	0.1537624026224169
430	-0.7140166358943283	-0.0905202887322818	0.205885752958923	0.1619007597763586	0.3550916103675516
77	-0.8519106965318193	0.3592945653861397	-0.0975213116380238	-0.7881883911924847	-0.4481546112389063
84	-0.3780353565686756	0.8894640445828206	0.0774035959054284	0.4022791888349473	-0.5625722221869216
286	-0.0688039637350796	-0.8242670017103333	0.9430653818021012	-0.2243478201661375	0.743826122561011
82	-0.3382039502947016	-0.1648384484301432	-0.0721372463753344	-0.5947347317293137	0.2506603399089078
991	0.3893929417088535	-0.6821836646612929	0.6000069635273628	-0.5777481148839252	0.1471265600534199
789	0.8945666792236306	0.0368160438904081	0.989638587931902	0.9611364541214472	-0.3396880993687912
894	0.3361702731412923	0.1101698986045724	-0.6968098503998013	0.4629929280862781	-0.22638551589624
398	0.5017421355829947	0.2342899732080601	0.2916447725729685	-0.5019825277818202	-0.6602258535618855
323	-0.4401322061081143	-0.5615720252839114	-0.3812545642744358	0.1674271754627279	-0.037444097561526
519	-0.6991662177929436	0.8540690895926133	0.4454139153964569	-0.5784137968999428	-0.9548709765893056
916	-0.4110684809161646	0.772391560930149	0.4837926539174302	0.456741708679292	-0.3443236022999318
922	0.7891044537881828	0.2391786749196813	0.6335589330112721	0.5665959659120954	0.19485848514684
5	-0.6880109593275947	0.3175667334214347	0.5187965248359274	0.6656607535765422	-0.4636512645101733
731	0.6291494404627642	0.2477916725832769	-0.0523803432041067	0.936152762901467	-0.8647905010552337
465	-0.2502588409525919	-0.903575922278888	-0.5973757843551335	0.4102782911411267	-0.2079980672287695
97	-0.1449179632829007	-0.627123475711491	0.2691648351006075	-0.7962137982541264	-0.8368025599903233
266	0.3940314819905359	-0.2150128871866303	0.183394324612651	-0.0514899580460928	0.2964669376156921
357	0.1715511625469266	-0.1565581462530891	-0.8671123112884502	-0.2344024711272243	0.2513015788545529
868	0.7235712420270346	-0.7365424530908762	-0.4350078680542955	0.3163196485951469	0.1929341508270874
798	0.3933016477537845	-0.8574865444694828	0.9623556735245892	-0.6549522461072759	-0.7550042760680216
380	-0.7636703447566875	-0.6729522548299545	0.6448447473365568	-0.2633055724112974	-0.8759171660868914
631	0.7904136753743987	-0.3048569515220358	0.4077141832686624	-0.6959028651510164	-0.3758719106959587
381	0.3934743307283013	-0.2178369266964785	0.7151246753225675	-0.1353075471933054	-0.8576886422441805
490	-0.0886864944285741	-0.5249117382513451	-0.4284328889482596	-0.8308692438055243	-0.4776751349782795
118	0.7851179969799555	-0.4687999148225878	-0.8330718300212334	-0.5032474792603996	-0.7134370825947178
900	-0.5842274897079454	0.1084530282640332	-0.7442663975551649	-0.1373965873179707	-0.9879059136320432
250	-0.4111022158608286	0.5930745819523526	-0.8122854303532876	0.0650081328319636	-0.2443215725456267
523	0.6842378462714174	-0.797158343101567	-0.2825689491659731	-0.7980437863644778	0.1938904468263451
9	0.416145155592091	-0.021150072713719	-0.0248576126532313	-0.896328401760542	-0.8866391356683292
196	0.4519113577404787	0.9469779383547938	-0.0792834575961474	0.882241625067347	-0.9486207102611836
603	-0.8225949324858888	-0.2900073883361254	-0.3648264094777667	-0.4427138737699272	-0.2595356286308465
81	0.2465962536551158	-0.821177995375481	-0.8695908174790159	0.7659876496595461	-0.5333343547013467
783	-0.3086080129921611	0.2744029536165608	0.5862857479934789	0.6531021483829285	-0.417277854324511
587	-0.7422405561787015	-0.1913624637914157	0.3652344424468048	0.5248939173497369	-0.7385653528204854
797	0.1302663671784178	-0.8558313280026533	0.2446865292344922	-0.7934699822499032	0.5663228618473943
239	-0.6457786411859021	-0.6289489685937577	-0.5209796601809238	0.1137568863441917	-0.3372955625273659
290	-0.9389995001219013	-0.2061534475968078	0.2215601421515365	-0.866052775949457	0.0805577863748421
211	0.3837903953853865	-0.097225951340649	0.6098135536828773	0.3472908349498154	0.171175367745225
717	0.9300538213330252	0.3900704577171063	0.9483888876327142	-0.8421211941068889	0.991468904102646
359	0.1509483557517579	0.1847006571867244	-0.7157257524130847	0.3190215372815403	-0.6303232041059501
449	-0.8329985666026625	0.3664960565792916	-0.3151040423305733	-0.8933040060222046	0.4617406915523208
227	-0.2138045506664792	-0.4515695953026599	0.1967149685955176	-0.2914573455655687	0.2819310561975154
950	0.2010337208673067	-0.8227991406407655	0.6550126397464424	-0.9525844927109632	-0.209893324286408
946	-0.7262287398623855	-0.1196020040890188	0.0277089284135354	0.3234373652879132	0.2464207461360139
796	0.8642365649672248	0.4326467761253645	-0.85383687594597	0.0645837519029088	-0.6714263134551814
501	0.0721927326882407	-0.041636244740538	0.5290555893094353	0.6052806247058593	0.0274157104306096
464	0.9243450969490838	0.9988274515413332	0.2413209596491681	-0.641287979421518	0.3509120906728511
362	-0.0834942190169667	0.2459331671269655	-0.4099185846916875	0.3847178449221162	0.5273845387006411
468	-0.5528083229610947	0.7415069006745183	-0.0489079250263466	0.6747341595403014	0.8985462124912338
935	-0.4553853469612621	0.6099779993615395	-0.6653573919978792	0.0929170834562487	-0.2967002553161892
428	-0.2981699748958426	0.2782398756310007	-0.3720665652452943	0.7288664937367282	-0.6419367251168324
7	0.7323522915498704	0.6983913031306386	0.5534211139103624	-0.9756864570452264	-0.1830888371830348
155	-0.5158894569769992	0.5054332791152825	-0.5202517744881106	0.2986446491537633	-0.9742050604209492
541	0.2123492689017601	-0.7862461538105123	0.5322318655911724	0.6180472805833528	0.0361549960806895
440	-0.8303245718296162	0.9398240922145408	0.1074229707160223	-0.3161894437890193	0.7486146682741612
482	-0.0909178704644535	0.088978195921699	0.8880841876507957	-0.4459749513480424	0.1069435524196997
422	-0.8175877939026193	-0.9168542818992158	0.5124272279003537	0.52460524900192	0.1987194500843312
778	0.4400730730921487	-0.4906587559078976	-0.1089167225162182	0.3140609964682146	-0.5176695713844761
949	0.1948262043406166	-0.1319612676522494	0.8658497251393442	-0.5323743338138718	0.690079297793285
334	-0.9079947159564944	0.9495863242935664	-0.7710247238681898	0.780819034438657	-0.2380963099530499
576	-0.7058530381419241	-0.9527228279073272	0.9579622303496178	-0.6096669655626992	-0.1786347339794343
934	-0.656641428303393	0.3529358744527244	0.4186416569452191	-0.3855671659574582	-0.0219031991014335
567	-0.1250501559525418	-0.8089293723306636	-0.4379910021825728	0.3344246743883621	-0.5586978807565031
594	0.7935768198120237	0.4486776342574823	-0.7142480773211766	-0.0207510758995104	-0.1450669436666218
530	0.6258020182601551	-0.3773846016879927	0.3536425977147912	-0.4432630366746868	-0.4624047699396036
581	0.960065150570954	-0.2181880081889706	0.7773181605307973	0.6764608421636011	-0.3932289127417336
707	0.6197488917092697	-0.5679236349808008	-0.4688343340827878	-0.4450706405500919	-0.6085747198007019
448	-0.2474808289381684	0.8892284389480465	-0.8847048356019502	0.1863164380789363	-0.3316145716537801
453	0.812708770189472	0.1412194932776593	-0.3054459219389849	-0.2537547631552328	0.6083311299677683
228	0.7840931103542266	0.9679552959196565	-0.4055243845827656	-0.7893090310373336	-0.067636817744886
352	0.31738726323789	-0.122769161620819	0.2251469366896383	0.8156770277670682	-0.1717178635686675
728	-0.5967453599045109	0.6279405390120376	-0.5067927300439508	-0.6744180215875413	0.4845844629738942
212	0.303922519005201	-0.6727523576166616	-0.963986888799091	-0.6414934885214385	0.0886897752686421
79	-0.7682618809497406	0.8999223679004507	0.5440249526199807	0.8894725175661593	-0.5474551399936276
148	-0.8970424975000213	0.7011634581884838	-0.0115751054994002	0.5747740535046657	0.4578784002103144
302	0.081270243220213	-0.8960574326970552	0.0253354519128328	0.1181185698932043	0.5102672348903918
628	-0.9266335942188042	-0.8066471007065608	-0.0123719190861426	0.5851896264182694	0.2914500867021072
777	0.4445051367861325	-0.1247937518892161	-0.6685004403596881	0.1332105178109259	-0.3843616999477617
506	0.8218543689876849	0.1603447384546645	0.7079239339108443	0.9467652383296424	0.4692166014210701
342	-0.6535962601799696	0.736545010816761	-0.8396399718361931	0.2647826486567748	0.6409751689605496
485	0.802316020981978	-0.2670769302572042	0.9619747563253702	0.1856803610162203	0.4845427845045735
711	0.1912774812156885	-0.8773007457786637	0.0359210554251578	0.4320999464842889	-0.0839427668322627
133	-0.3247696571927441	-0.5596335961003773	0.0547992442453526	0.0885079322273953	0.2674231995310581
703	-0.7311706461220515	0.0122837256804881	-0.966104670220838	0.6962184700312601	0.1907327403137453
311	-0.8430872373154681	0.7896333121210553	0.7484450493703516	0.3134589694432159	0.8817603391184086
722	-0.867007465266445	-0.3934497048648089	0.5607522471419608	0.8709690270549915	-0.5915157872631422
629	-0.4951261113119585	-0.0992581274836297	-0.2247023890887058	0.254657870181356	0.0211408174570071
0	-0.250919762305275	-0.6297341423227607	-0.476588632528188	0.345405988417796	0.1439917565671855
316	-0.1820941111714602	0.0528053218722264	-0.4505369489609609	-0.0320212636405057	0.4441321284075705
706	-0.355292310050554	0.2816526293804124	-0.7595855417588475	0.4781339518787451	0.5701278420928624
547	0.3431463911855992	0.1004530843125235	-0.1849139379351383	-0.0309240098399783	0.2987576404732448
872	0.2879990864780315	0.0117053859036579	0.785116454972949	-0.6863745893663886	-0.6066236053743539
532	0.9932736741478108	0.4323013484463871	-0.4107612073076137	-0.3474921639177064	-0.5062859448085342
477	0.1077085688026415	0.5245702695532315	0.58101958854977	0.0718701577042364	-0.2843775013288139
404	-0.3599007979387765	0.3276090552436101	0.3542412794700187	0.4963678240976927	0.9790106667686448
172	0.0241861165985619	0.2636270540333367	-0.6502371256480812	-0.6810154749172834	-0.1117928861867627
125	-0.1457844227474873	0.1017147412182786	0.3358399976072541	0.2134634494348728	0.3527221357454482
394	-0.3183929194939643	-0.3259936471374274	0.7801940703676167	0.8019217913809358	0.8919417796911986
420	0.5831580874516971	-0.367687790046499	-0.6799501270736119	0.5287067728728547	-0.8031516217972625
552	0.103813677548971	0.6383777188535804	0.6164704200184443	0.1613981691085699	-0.6924325889735676
903	0.1660831219393843	-0.929377290119522	-0.1668683430354156	-0.4976614649031974	-0.3846418210441029
90	-0.7608115081233966	0.8854635482702513	0.551223701850655	-0.0994915077142193	0.4683025180832925
939	0.1530329510285071	-0.8458834417313377	-0.9151554035862166	-0.1637104236744007	0.6236134367017727
181	-0.7730529575188219	-0.3162556679226278	-0.5747112472578078	-0.4216251074081003	0.3450145253472982
274	0.0226847977218755	-0.0389861054843421	0.901062105172407	0.6722354064144975	0.2036134678908945
895	-0.5900314091683581	0.4661425920593496	0.751766167034114	0.6489430352090981	-0.8388383754269728
69	0.9737738732010346	-0.4255220166918365	-0.3395698702570049	0.352052576105095	0.6937744488579056
291	-0.9253036225015712	-0.7345684919138793	-0.4386335689680514	0.7547009062656773	-0.8414394307376165
131	-0.5557843790585395	-0.0082485298424583	-0.974784960048482	0.645967610083535	-0.564217240746512
300	-0.8966365576627846	-0.936827710348716	0.6051713591596257	-0.1330555344887312	-0.8387691896607965
424	-0.8848824799667114	0.9732602459176938	-0.4215104560546909	0.6742392556613044	-0.369272513467765
326	0.1087081050228013	-0.6357641686226014	0.6423965651004531	0.6060041439156743	-0.9558677026354184
144	-0.4303190112450648	-0.4659434596611573	-0.0576642021343707	-0.4622929712356129	0.836795084163116
423	-0.011159390594837	-0.7033135980758223	-0.0829539822362186	-0.9221239666246688	0.4573125684732053
580	-0.0817284875234773	-0.5361058077680492	-0.7541586430692249	-0.033638273372663	0.8690877614310311
135	-0.3535941359584895	-0.8477382810193996	0.7805161060356043	0.2335672157050823	-0.9675131135810926
450	0.5542938318548736	-0.0056504719831453	-0.4595046157384335	-0.0904713148946778	-0.1599779914086743
164	-0.8194204598911834	-0.6784802079033836	-0.0574256652036708	-0.887647845305122	0.2142705617671538
28	0.1848291377240849	-0.3617990535134887	-0.4869398751115044	0.3429582973344138	0.4759018947951843
773	-0.2054254188792654	0.9106693730078566	-0.0806702591946775	0.4660002144452464	0.6377385410409431
193	0.2662029145465359	0.2418310355349542	0.1208812619608799	-0.3465149159399183	0.4604983790591423
388	0.5012295032817167	0.9396420901570894	0.4111717252876492	-0.9220413586777392	-0.8039846304385179
852	-0.5801888138088285	0.7227399927268721	-0.6168141085303485	0.2255916710730208	0.550469077798112
169	0.1817858863764836	-0.4259237336501744	-0.349791969136602	-0.1806578932480147	-0.8067103314244954
705	0.9799204647798904	-0.7886706314765122	0.6143110747297651	0.7697102353920087	-0.1556155322386438
140	0.9248945898842224	0.6493619318502983	0.6381270277233122	-0.2577741231397443	-0.3145381491441856
173	-0.5470084496041241	-0.4803928378716804	0.7114745178115727	-0.6790747714575471	0.0637435330100331
6	-0.8838327756636011	0.3845531290357049	-0.10052031509892	0.8121741209625211	-0.2778505473179256
745	0.7991491465491369	-0.0373116967293527	0.5626437114946101	-0.5751054456090541	-0.8923389501830818
478	0.938605071238198	0.595627297717269	-0.7503583720663034	-0.0230087346801892	0.1875612638869044
73	0.6309228569096683	-0.9642521305331724	0.7556601563040817	-0.4578074924718684	0.206300240245894
910	0.1805898850296154	-0.3887915690195702	-0.5391666757653002	-0.9214611715166954	0.7689574551935183
813	0.8416837652347446	-0.9581100779381744	-0.6746005123828682	0.2279406126504652	0.0235609131389613
238	0.2909445918143356	0.9363868558294436	-0.8420616756183428	0.2326009718514481	0.4042149082275852
145	-0.9262261052909344	0.757259972710316	0.6432737954209433	-0.2631021601668422	0.2995760935285991
792	0.0117773577689319	0.0244438416253489	0.1390795591342073	0.1896947590038191	-0.8795461101994051
234	-0.609514024403911	0.3033336507517701	0.335609366452813	-0.2179342617452027	-0.9581317643465336
220	0.3152257846006867	0.9017271245008208	0.4073719549215915	0.0298666998265189	-0.3844581894137018
923	0.5997105118946304	-0.2890139791172852	-0.6367720644867947	-0.4681430987357624	0.761790321089505
500	0.3963234280394903	0.0381635702724361	0.6550378442126061	-0.4269609021457541	0.1985985740127773
132	-0.7602692653326344	-0.8379075681847041	0.1195113672767651	0.8654210162655227	0.3236691702279963
990	0.5988317579379585	0.5310257979822195	-0.6414887761844199	-0.8329501706399625	0.9508207353694902
774	0.5945907315591072	0.5738067725105902	0.0931542840645898	0.3173227098795339	-0.325338782308469
185	0.3199680920683581	0.8744569744729023	0.8766096368969654	0.0711076297593451	0.2647925129310171
41	-0.0096461797774596	0.5814463296779271	0.1224455765650498	0.9413530908194884	-0.4211209567610241
696	-0.4227388935194884	-0.948376186101026	0.3550845349179063	0.9229846491482244	0.0110415834469805
108	-0.5424036690167551	0.3920412361075844	-0.4461910252443821	0.1789079789693943	0.7807686417105322
588	-0.7439083220844551	-0.1436007701487704	-0.5161366393689408	-0.7479959442720114	0.3434177184881215
56	-0.823014995896161	0.5343765778622538	-0.0754088779987856	0.2072744011187501	0.6367608495590704
405	0.791046456992401	-0.0507382485003722	0.2115584989053807	0.6133301060536329	0.3686284978506895
442	-0.2514584084877593	0.3452042364502525	0.52380362520974	-0.5767282028602776	-0.5506852047164668
757	0.066922183952643	-0.0242919121472751	0.7802822747920293	-0.3157847582728119	0.5560926129663983
997	-0.7263627381620772	-0.8620839672871576	-0.3804242815818015	-0.2108553693621524	-0.3443143242283635
24	-0.0878600315659281	0.8885329782268678	-0.1624133618516772	-0.8868286877065688	0.346184261822434
467	0.7371982563789206	-0.1861840785542587	-0.9210809342182014	0.3355211832063058	-0.6825264732513809
539	-0.74168116969701	0.0503267673341203	0.537845564215282	-0.8748703155610968	-0.8244235258836801
531	0.9994353465722612	0.2206675666218367	0.6569385988982341	0.5965863944183734	-0.6027108462051884
618	0.6124025595861227	0.1155668347400498	0.6854238043211098	0.5918527742870048	-0.3950673650770606
694	-0.7703263505215929	-0.2649311554169371	0.9269984817751766	-0.3098325089735325	-0.1186702331514129
926	-0.4626452812301078	0.176404533896781	0.6133870393894785	0.2070576130022419	-0.0699273315581801
338	-0.0516523418253496	-0.8556031820416483	-0.7579499990296139	0.1943106119806037	-0.2335692681054966
51	0.5502656467222291	0.0578742680544239	-0.030607425739906	-0.03392060488222	0.3781753074964593
507	0.645074485846338	0.0672050934537569	-0.1217003667325034	-0.0699809649471447	-0.952107469459033
516	-0.2470732662439008	0.294949428309206	-0.961767811140472	-0.8297930277604293	0.0427540429474824
920	0.7369359517958256	0.3912362929936137	-0.3494097319539377	0.8935124893844815	0.9041248932780056
781	0.0854488866951923	0.803523984270847	0.6872993281036475	-0.3464105882844452	-0.6257514591789965
264	0.7547461438559109	-0.9767589201837988	0.214179157437508	0.5855162271456256	0.3193805458609486
817	-0.2019945922597394	0.5384462956762672	-0.9757937664477851	0.6471044532236381	0.6392497390952898
710	0.5204557197793731	-0.6959502937427038	0.546283747837343	-0.979431008128616	-0.1620604524409512
682	-0.6582248252198684	0.281944154690664	-0.9706132226900924	0.5455428393301582	0.8841164389771909
832	-0.7182859592404003	0.1648453164144929	-0.7629947528036969	0.647247221497947	0.2910687128210445
518	0.9745522586298888	-0.5130354068474015	0.3754440848611213	-0.8579302219119957	-0.6074113953778659
447	0.5067563705178832	0.6762305792962204	-0.6107523265902561	0.4302003225674	0.5983159422095641
18	-0.1361099627157684	0.8309765951760837	-0.956353206449021	-0.8632935993800828	-0.405425591437347
715	0.8590582884956517	0.9897326343395344	-0.4003989448695282	-0.3762411284725495	-0.3582909145003128
483	0.2551161601681269	-0.9884826790037567	-0.7024080611897687	0.8426150244259509	0.1405738774627809
568	0.8083173889874968	0.247718649353146	0.6069654865937693	0.5540985713035123	-0.7237494137195055
433	-0.7977546477544195	0.3337285150922087	-0.4231891243625085	-0.1154123890977294	0.8448685673122489
367	0.8107012839121275	0.818065041331282	0.1172847929008507	-0.4609762754154547	-0.1163325903960907
83	-0.8728832994279527	0.7582366151243294	0.8184404117231203	0.1751717422188037	0.4941565342580578
61	-0.4573019364522082	0.9681669383985902	0.0250052975406633	-0.8158660278350491	-0.5793628874284127
638	-0.4615135381012381	0.9849670043167504	0.901545415462676	-0.4170781730124122	0.5036502919133623
272	0.7341446371602074	0.5597019777866996	-0.0246658627574711	0.4468873247098239	-0.6971353712600734
285	-0.9281154524065158	0.0354232867694228	-0.4463713844173884	-0.8486005453804251	0.1904594654388032
360	-0.2236601475869561	0.8247266912333819	-0.976586778538192	0.592482901082737	-0.8808258052937126
354	-0.8588625051991403	-0.0266621171505943	0.4479461109321876	-0.6241592383693539	0.0822276497576894
456	-0.977292710465162	0.3790535020631222	-0.1119125015955941	0.0007188924311212	0.3841011060794896
278	0.4039337545154067	-0.7150089141969735	0.2682080627526626	-0.3327432083262687	-0.7463519548991624
12	0.6648852816008435	0.8881186793732265	0.8128749066888219	-0.3864468009557176	0.3943273842759609
182	0.8493872365571256	0.2652437862678962	-0.9336212908751476	-0.380386249355062	0.3643833785101975
368	-0.6084177304214071	-0.6406337822595161	-0.3136652936546835	-0.618146829856713	-0.6732664832031596
881	0.3437854871974568	0.7466458317216154	0.7100604032398703	0.4629727194062316	-0.0619185049636921
615	0.8417448010636264	0.3389739103963802	-0.7962152238679729	-0.8259655633944225	-0.3661147564654372
223	-0.2645683938811329	0.8872318403351978	-0.516212343482322	-0.961742067125426	0.6198488406057987
572	-0.2069144353574596	0.4737474898883642	-0.3570085975042361	0.6802161568783998	-0.5218672318499407
970	0.3273423307252963	-0.9516164722172896	-0.2389645802602109	0.947600826714299	-0.049799318616559
653	0.49087894836866	-0.2797271850569618	-0.8952899596250552	-0.6585832733750396	0.6981960399173521
545	-0.283674563934319	-0.0329087065601505	-0.0247443806655782	-0.6901493777131147	0.6237322480207597
582	-0.0147638120142608	0.1889526703723461	0.0061679015596727	-0.2771924418656273	0.5637818259937795
633	0.0642269705306313	0.5908999215794584	-0.6660938225056026	-0.2975612253024382	0.7228360921910348
176	0.3818754762049319	0.5596907903022872	-0.4414478230911791	0.3284387699779365	0.165428898689363
665	-0.694281721631336	0.7028499154901915	-0.4093970448563344	-0.1236427735033109	0.4187776436487724
673	0.0490227791405093	0.6118508002352423	-0.6015694502118938	-0.776814000085505	-0.7748190669416111
585	-0.5197087624436139	-0.7271204948865337	0.2495677255788049	-0.3435337886433212	0.9312779505336009
873	-0.1825316578038072	0.6814060560224	-0.1611040120853728	0.6546042994744918	-0.525033389661232
393	0.5528259214839937	0.0395478971120353	-0.7148117118361825	-0.3494187632765044	-0.9088296841026624
163	0.0715493681495169	0.4870165125832155	0.6828951061695199	0.0052624852602609	-0.2400418420692107
248	0.9272399541785056	0.8416956956313737	0.1979570163544211	0.7410539325387684	0.1690862265189163
634	-0.7856559773204479	0.8543556389589053	0.4260921012686374	-0.812446947485967	-0.7253999345688595
885	-0.6429106758913328	-0.0768850511604202	0.8815690410062158	0.8686082283349805	0.7673679353759795
669	-0.4298096626123058	0.6348994169823832	-0.3687453124733	-0.1019224641397482	0.394048332008599
375	-0.3620487394124774	0.7414998025450228	-0.4492376514891629	0.5560504862893063	-0.0334114300673495
412	0.9012142938751122	-0.4605007769660207	-0.0288206006812044	-0.9551482216758898	0.340868667593835
74	0.4137146876952342	0.9754447794720632	0.7591637099030584	0.1953365654054062	0.3650649190754431
113	0.6162407591288339	0.0739488457868271	0.7879794200157408	-0.8172170273364472	-0.8202462965276787
598	-0.6154219623826584	-0.8286835008071389	-0.4314518141449666	-0.2556534895062057	-0.1893492787060933
961	0.2063042189327764	-0.1801902206074235	-0.3093160955102243	-0.2142097822136419	-0.5918712229067988
390	0.9810102840013466	-0.5278990733070721	-0.2508942259597573	-0.3539453084918122	-0.62944629933292
104	0.815132947852186	0.9898156452928706	0.5865227008765088	-0.4825767156891181	-0.4081359411267677
114	0.2668075130208469	0.1858798696834063	0.3085851046499237	-0.6014593270663984	0.2018240113181721
417	-0.3426709092601681	-0.7557801719799464	-0.9220079748501768	0.3086840109854394	-0.9519899103102224
525	-0.0626136804100594	-0.4864468645589841	-0.4424802551708939	-0.7054488728958181	-0.1406532732897041
457	-0.0626787160117474	0.353026771554493	0.2524686428421276	0.3817679531016456	-0.7200252465564743
409	-0.8174266464277329	0.7365425610265173	-0.0919967576077702	-0.9192983462806006	0.1094636065647085
92	0.5215700972337949	0.2154735897577182	-0.5924670817446218	-0.2019293647151305	-0.0429432601609549
930	-0.7212878518543517	0.1599675748562625	0.1812756679892755	0.8770595669462609	-0.1524597601381532
89	-0.0555701496761014	-0.5366565972331132	-0.2391599849848753	-0.4937969216407825	-0.9100063575291512
336	0.7109211680220144	-0.6009150981417097	-0.0875269820889159	0.8164569774006458	0.1989222793174332
988	-0.5071959335217864	-0.1262985947696409	0.4369078946451001	-0.325091442071542	0.4625011786947501
921	-0.0251376035009727	-0.9935634727914426	0.4252426661970256	-0.199575448300656	0.4758555379976006
933	0.0513803646053716	0.2069753331929096	0.0889939182077301	-0.5546478417538301	-0.1102951343449183
605	-0.0784424639345484	0.0381195818165407	0.0222582784744596	-0.6343244402623658	0.7939905787288222
593	-0.3086654333522736	-0.7917807012316673	0.0403397846215023	0.1586289333238757	-0.3756205268617412
611	0.5988207978180853	0.3017547380943883	-0.9923601546828338	-0.7139977546685472	-0.8751373454444393
94	0.541934359909122	-0.5386603765644826	-0.4257240838308489	-0.6229187885014977	-0.336056990528309
11	0.9398197043239886	0.975336015993294	-0.874693593089291	-0.4247345419126436	-0.2161788741121819
396	0.7168255036860236	-0.1382249526763881	-0.6910805055533524	0.6508313282478961	-0.4067750356858137
533	0.1108634112052548	-0.4547519985329324	-0.97136944466588	-0.4012332525893034	-0.3871691012979272
43	0.8186408041575641	0.2517827528740182	-0.7704622562615651	-0.1927979952768175	0.2387799387330038
42	-0.9312229577695632	-0.3624949941358601	0.0467818227487328	-0.7733929905450716	-0.0646375750302459
329	-0.5045380209976851	-0.003608567093722	-0.8977292371157986	0.3423149467593773	0.6287735585375227
167	-0.6269629792002915	0.0149354675216724	-0.7474705168709945	-0.7892135637843896	-0.810069449543247
497	-0.8445307260700303	-0.0730119123988553	0.7311542912491045	0.7721868706264163	-0.7336357486649532
876	0.431944457694795	0.1806953809175457	-0.0049202957077956	-0.6635926884669636	0.201890969075438
597	-0.6553602575967403	-0.8411612620220268	-0.0066091543641069	0.1053245355534964	-0.5355506181973138
756	0.240145511857027	0.9191532886420668	-0.0600234636841268	-0.6307350853052616	-0.9801786090176928
100	-0.9371416286265316	-0.8843146468732073	0.8301801368140864	-0.8147490338972656	0.2627506520965019
426	-0.1169389972532459	-0.9901200381311808	-0.7677220795989488	0.1267907014252802	-0.526152012206553
178	0.873459977473469	0.522055805004056	0.388301147019662	0.6282513711823237	-0.3461179513266494
444	0.6255991345150052	0.7362845087550107	-0.1191172993751519	0.9622358157358716	-0.1806542614149617
416	-0.4135784566038709	-0.9213129186629808	-0.2315865740283995	-0.3744440215792919	-0.1691139988158208
870	-0.2533813674404941	0.6355706597138902	0.7881886050665015	-0.2094813691376844	-0.2357530110800536
882	-0.9605789244912716	0.2725827079584961	-0.5858483815782896	0.9162360178388675	0.6018774430828606
680	0.6341441418985598	-0.3078005469244289	-0.464814646544057	0.5015392984221114	-0.4588814870240172
177	-0.2265293073989251	-0.7860387223460832	0.2857638201174153	0.7633812236870161	0.6249476420883433
395	0.8615146512071294	0.6577667317652189	-0.3082450785242852	0.9923153469975576	0.6843307533007621
911	-0.4638727183542475	0.7533015236564011	-0.9970523558273772	-0.4560027893112879	0.1079865110062618
793	0.2229084708692956	0.3604555584167066	-0.4809164336478193	0.4777333542660653	-0.4046994448634391
960	-0.8344026641497471	-0.7633276181532254	-0.6095187940870159	0.1478997321380208	0.0913919376260516
684	0.8587519782551716	-0.7349506545163031	-0.3253089064618146	0.3547862597777456	0.5510105934379987
383	0.7549440270541059	-0.4837331345977449	-0.1380295589734075	-0.4808471014499016	0.1320368497756419
956	0.037835410565675	0.285130399070383	0.4579621233116329	0.8529275959123697	-0.2860351410626722
751	0.8796642472269502	-0.569596255965525	0.3482605910721259	0.8183505281071715	-0.1116331862432669
257	0.392059593349946	-0.0168109065171262	-0.1391451793580196	-0.5874957723276948	-0.0965210480371123
538	-0.0989117293798129	-0.6371233046087461	0.5068558445139382	0.3479884162914608	-0.8368501487772682
335	-0.9185423953620596	0.3006513726938737	-0.232322233910041	0.4999555969041416	-0.8908691834346021
15	-0.6331909802931324	0.8504966348313316	-0.1778087947985869	-0.3319000686624616	-0.480343724119401
324	0.9097305613263882	0.9517305116382626	0.6475807684425894	0.5639199543159183	0.6193500725317787
758	0.7877851661019153	-0.780527602644993	0.4154427005350549	-0.1400847604403565	-0.0785327995166522
222	-0.812650464343815	-0.1353303979147961	-0.8069310596091184	-0.8328913249786205	0.7958705868874738
179	-0.7249581117080135	0.0825331573522205	0.0253095062901058	0.3702686197489682	-0.3885120851054178
983	-0.8497244365283825	-0.0340622558292895	0.6342562840311703	-0.5478418579788746	0.6781993975992231
22	-0.4157107029295637	0.8487923907530608	0.8736449240661837	0.370887766443803	0.3447676865834073
356	-0.9469773789167564	0.801403728022517	0.8049066145716834	0.3923122902758504	-0.5590247211705015
666	-0.5080845432309837	-0.5829789712853284	-0.7267981926976548	0.6783607899605972	-0.7891972452070755
861	-0.0934223305039447	0.312323675362143	-0.4350425120459467	0.2236620402064428	0.6165364224325565
340	-0.0167682497663352	-0.4846342229775726	0.5023560956168363	0.7782558478800199	-0.1148453081343692
431	0.5230212634349445	0.0311920571585004	0.6534147194829749	0.9813583141315316	0.0938577519709538
551	0.7043630006370802	0.2032236402926623	-0.7780038024173703	-0.7257030236945137	-0.9597243021014203
833	-0.6472260269875534	0.4961463588590642	-0.4222301221816686	-0.2307778480424636	-0.6884534788396597
203	0.7971083770541585	-0.3527795617009175	-0.9159506496571894	0.7176335423363094	0.926959894948655
630	0.4266991717691049	0.5123266577904921	0.2654237574972018	0.5005315278776845	-0.7600941165380604
93	0.1225543951389924	0.0253770220330171	0.0466592623894825	0.6796032133288534	0.8577190996911312
558	0.510274511347238	0.6797226057334407	-0.846275849447673	-0.8354553514458762	0.8634808066330164
68	-0.8508987126404584	-0.2907556847184469	-0.6705872931354082	-0.498213908617795	0.3476777965400093
622	-0.259055794417236	0.1245936317558196	-0.1323651608469409	-0.5635849308956555	-0.7066097719696369
284	0.1565602819923479	-0.3470773835120162	-0.7199518048933646	-0.0673804877196597	0.1047322756344686
844	-0.7026745444937741	0.8861516754894152	0.1542451720766415	-0.6775623760497549	-0.6418101213436369
434	-0.8317863877700051	-0.7206974904873742	0.922270970815186	0.4147940000658554	-0.8545301044426632
153	-0.0210944794448739	0.3602815435206008	0.6519564254161636	-0.1447973325933254	-0.2868076480275887
75	0.4580143360819746	-0.1444537325282753	0.7411568500920138	0.732191267223383	0.1507183462581971
730	-0.6714684041380141	-0.3874927584267766	0.4948888131933879	-0.6990554579880051	-0.7592728475800279
446	0.9720021276457418	0.385251904452329	-0.481330205365811	0.6088281193549467	-0.6382161972422034
188	0.0593011567120129	-0.3980728661063675	0.5768946865065974	0.6571111958121627	0.3868442561126179
271	0.6202267893583615	0.7202447943784092	-0.2309773447103749	-0.9800424466831013	0.9091318577176216
236	-0.4384552751182884	0.7287164996792741	0.7846049962793045	-0.5608921535403961	-0.8862372044447069
487	-0.4380736208155393	0.3909344133797243	0.7270950450290903	-0.896021296044585	-0.2903362889136747
117	-0.6268598822279283	0.7549217252607607	0.230596050139604	-0.9725088919773096	-0.1868189252810554
943	0.6594836074144033	0.4153618694818315	0.4288483281424844	-0.2137921848811979	-0.2734892966483795
512	0.8654569667080265	0.9110473919098694	-0.1033618892611556	0.9506862669581412	-0.8171560163657237
825	0.839711232825521	0.0606042664983166	0.696084179202968	-0.8306233162493863	-0.6802404732671172
591	0.2817494896064292	0.9825119874043766	0.6079170151050406	-0.6490167452372853	-0.5863642137332075
126	0.6360295318449862	-0.8260264801771797	0.2693425465078829	0.3457433371961596	0.3592663647902872
116	0.6073441537982289	-0.8170263252044903	-0.119353163263302	0.4774463014531327	0.8345361331553613
473	0.7822862273961422	-0.191719356697934	0.4442864709118117	0.3992791392442434	-0.2891213252718765
693	-0.5151805351698395	-0.7072520156755018	-0.0718096810929922	-0.5311487999769706	0.0410876746097168
57	-0.6080342751617096	-0.1961381727815156	-0.1764689168309829	-0.8460410658700674	-0.919722281829267
863	-0.1184745061235437	0.0900538377938766	0.1632445859783871	-0.4893272524735117	-0.3304219162186417
912	0.248297815698268	0.9926686752544946	0.4586895881759927	-0.9872419131868186	0.0691184383126173
369	-0.8612773982496691	-0.5249133501522447	0.458346975098896	0.3892819177874556	-0.6310818978802333
268	-0.2810176975604896	0.2000410962386074	-0.5251330632503874	0.2568529132291741	0.6274466874444549
46	-0.3765778478211781	-0.5340810504927325	-0.8646632761999968	-0.1545427262121355	-0.3394306649958312
349	0.2517198314284727	-0.919781617175035	-0.9797376319445132	-0.5169987440143331	0.2629175851660412
195	-0.3015808507746782	0.7430736123047526	-0.1058889123871491	0.0112683068439176	-0.6267201204046349
999	-0.1079884540840885	-0.4356258506135997	0.7428280683817086	-0.6772652832232338	0.1946247566614236
834	-0.0032644545210405	0.6235395761802751	-0.2043267489956861	-0.0817519534266382	0.0940906912311554
736	-0.2151097851547292	-0.1004307023573549	0.9826558031284413	0.323827265274023	0.0247856414642131
263	0.0366593047274734	-0.0895597018363976	-0.1132399712416245	-0.9637519179085404	-0.2254511771503173
443	-0.2587157058662181	-0.1124995613908577	0.6672999238751711	0.9912622189977668	-0.2013348396015548
675	0.9647572338172128	-0.3906417218039184	-0.4251808070688405	-0.4379004996662217	0.7727607239202834
304	0.4521826674453231	0.4181210389018328	0.8635074388656327	-0.5597773481904937	0.6568773418779816
341	-0.0530564584388686	-0.0747540865213673	-0.8579846709334891	0.157613509023881	-0.9032745779024384
966	0.438091810368491	-0.6310474937327213	0.4541135232307802	-0.3871343545932568	0.9345423807405951
149	-0.4427070715267771	0.7345884019196047	0.6564985048744367	-0.0913091538646897	0.5596417680201362
124	-0.5441296749161166	0.3104839612780434	0.9682206380729956	0.4654669495723302	0.5843823896033522
786	0.1667835895322409	0.2733393643344146	0.9212539510263996	0.1537147622654004	0.7518098499997892
50	0.9391692555291172	0.7494033453683988	-0.083398716942687	-0.5893341225864004	0.8688660775068828
353	-0.6741311458371406	0.450515320830273	0.7473971869326901	0.0141192934774365	0.9158917198522752
927	0.0832684293217338	-0.0380542202277525	0.9697168055249517	0.3190119633026542	-0.546042921056958
142	-0.005502988215229	0.3560323051181271	0.420485597246623	0.168897819514852	-0.8111622046790381
470	-0.9756910506203672	0.1340325219733356	-0.5445005277935808	-0.9617102640063266	0.8140839208300437
399	0.5090857481693647	0.4135544337708916	0.2738046349094865	0.1534047977155126	-0.7461111724900547
625	-0.2621727208604552	0.3800097816413315	0.9281568329802165	-0.4735053069639776	0.3650809575343141
320	0.0984533294122409	-0.5057935319797071	0.8152220051131098	0.0968383259871252	0.1612904518192681
19	-0.4175417196039162	-0.9321080428284024	0.3275793723511782	0.5675196849682145	-0.540012492073519
809	-0.7735239083184895	-0.8032087005732054	0.4366623507440079	-0.8944694842807948	0.719290690705213
790	-0.6932971937678396	-0.6996619983659167	0.4234456114920975	-0.5706082250732891	-0.7863985919952727
808	-0.0983212571917357	-0.6517813293318313	-0.04619978706406	-0.8993009460612935	-0.506077666016215
407	-0.9783246970394032	0.6113403059001064	-0.5642148914900198	0.995256594804313	-0.7148868899337688
537	-0.5053037965136047	0.3622357079299656	-0.7142994253983228	-0.2893605030522246	0.2308415596416708
620	-0.6309579612872454	-0.0695887754325637	0.5778649435520145	0.3455292288249334	0.7144618747395821
38	0.3684660530243138	-0.8692873184021153	-0.5493661400975298	-0.8649949066323561	0.3188459241639951
175	-0.6512671419900171	0.0799707594317109	0.6740822504858801	-0.628706590197514	0.9911378009813756
245	0.8566371251754508	0.2524406432628308	0.0428913780871789	-0.6566121845891009	0.869459830976602
828	0.4750024962194967	0.5974283833091492	-0.1425959580271327	0.6818174208058143	-0.3793830357909049
667	-0.6786372534808887	0.8611904292878325	0.3032795209545531	-0.6786408305763096	0.6777077238081377
754	-0.7214558546732255	0.9517475098201076	0.8349716862639804	-0.4567336374512607	0.7228913720426484
858	0.1296822665252328	0.6839971057801231	-0.9279623634171472	-0.1935844877334955	0.8352945558088669
154	0.9713009082212014	0.2372227564303686	-0.7987250429529333	-0.1149089703705088	-0.4910373367634795
287	0.0852892694151532	-0.2987461375816385	-0.3373059857938985	0.6070753189252067	0.1539632248353637
602	-0.6459790314465064	-0.546687195546024	0.4972904682524	-0.6294592892333526	0.8185053888739848
569	-0.3034890659533993	-0.0964646425255417	0.8584561072637078	0.7244059473163775	0.718223515293833
743	0.0054407801849583	-0.9779374711427056	-0.7183941022146478	-0.8887889566390788	0.9886606053714296
17	0.0495128632644756	0.1358904611052589	0.7996666913745449	-0.1909452288522606	0.791379888533233
127	0.7214611665126869	-0.1830935738586026	-0.66809020940843	-0.8377016429275217	0.8918492880641731
322	0.3203947534354625	0.7435671331844034	0.2158104281814075	0.5330300990651693	0.3445013745883893
255	0.1136025249167003	-0.1393882102010746	0.1435447040966444	-0.7143160703713363	0.3162044361129841
657	-0.2738354072027298	-0.3889513786839529	0.7006960022397908	0.0211615149191197	0.0978192632801433
964	-0.4226125264586002	0.143744542454373	0.7130744474958537	-0.9773949268219552	-0.0347975286769586
190	-0.8137944643882016	-0.8652987970624566	-0.479426284867994	-0.3844083366385087	0.5069442213191935
115	0.7429211803754354	0.1601724156756223	-0.6957914335554543	0.7549400933089638	-0.3180828571288834
616	-0.8778440802902725	0.9882787224423352	-0.2795321623991442	0.1135698218563758	0.6176526469833681
606	-0.587332563188415	-0.8647748728155702	-0.9062961829447936	0.651421903121334	0.6922484210604631
180	-0.317867297899483	0.9259840077179892	-0.3893786466065374	-0.7791362731777947	-0.1945925580108796
301	0.0627092631362959	0.8724244924873796	0.1440972867386016	0.9943647078059008	0.8791371780503314
759	0.5771944224490615	0.0959189779473859	-0.8755935476705945	0.6618983421101368	0.977681082607326
712	-0.0568476228996832	0.5615231721368796	-0.3038088136634238	0.4124923251105243	-0.4867055856278084
723	0.4822412985801181	-0.7979083779787066	-0.084008481992857	-0.6285338559896287	-0.1626097133446316
685	0.1135257860278595	0.7240289645452451	-0.961344738164798	0.1315631096819927	-0.2137564035858417
979	0.1936856978337784	0.6838671335836173	0.940514219452114	-0.1477575240955384	-0.9214698967026796
517	0.6211066615636658	0.7960610978999738	-0.0463130633643658	-0.2288048149733332	0.7931493169380204
984	0.4563775124072067	-0.7330400551681124	0.0928606321556946	0.6346106244264735	0.1013209184731285
45	0.3250445687079639	0.2317263763646091	0.4456286064169674	0.4091088560548905	-0.145027091819464
909	-0.2406151836654662	-0.7022238993351106	-0.3921149754899453	-0.3495776074475774	0.0933545297946234
157	0.5232392306574352	0.7617415183978569	-0.3041171768356667	-0.8719873067827582	0.7023014708519635
851	0.4999209407983556	0.6318938779372345	-0.5192021742129862	-0.7672830296710083	-0.23676700178173
171	-0.9668243421442876	0.962372356054847	-0.8607177036751885	-0.4795268040295413	0.974672317159092
16	-0.3915155140809245	-0.6388493097453329	-0.3053133474823146	0.4653981011805608	0.7721722176270327
511	-0.1635139274187622	0.4362461524529888	0.7669295259721214	-0.8659669244975801	-0.0567010184988092
48	0.0934205586865593	0.7401977478018598	0.0870764346852921	-0.2047752428942588	0.701149056030232
971	0.873659478649516	0.6633940873515469	-0.673929326136818	0.0883973250074043	0.7959104323700383
940	-0.451889558625588	-0.8828981415120416	-0.469347724889066	0.5145659565510015	-0.3163019161654836
515	-0.947266051005496	-0.9848742500437158	0.8527652134601735	0.8759304628677884	-0.1852689515743353
952	-0.6492574427531008	0.1964505881274776	0.4286532714699951	0.9493811920971028	-0.1962474575265209
480	0.258797276270525	0.6356684323500432	-0.4484648634972861	-0.6926179143115909	-0.6770843318715198
283	-0.812036120318262	-0.9804583051616328	-0.9087025089952324	0.7651197535446945	-0.8828693894309323
718	-0.7514055530289105	0.9673578505268272	0.694121653967799	-0.1144037269125251	-0.1294754406868923
877	0.3178478838203027	0.0167210938325599	-0.5906397818854321	0.758660431356948	0.3921597231340783
225	-0.5120207132418328	0.2770518953281711	-0.0624640690709883	0.7817110699662935	0.4604434355144984
26	-0.6006524356832805	0.7240853019786269	0.4616419299614596	0.8888971653886069	-0.2060156755850517
954	-0.1624589502158537	0.9966950227858992	0.8419890421931517	-0.5370495724694038	-0.0992992284384144
437	0.6437201185807124	0.4093615254732934	-0.3192257914909886	0.1937037537755188	0.5648516244255757
951	0.3300733490925109	-0.5587760945775775	0.3944187638192735	0.6698944113888075	-0.8974730816480037
364	0.8829296175530503	0.4662260448305619	0.1543997734691016	0.8781369589005832	-0.5464547493607086
229	0.2622772519945258	-0.1813319873699139	-0.4001617769860306	-0.5552773905036594	-0.6201277270848782
37	-0.8046557719872323	0.4495335430575229	-0.6975063425301309	0.96073748188437	0.5876362078160793
965	-0.2886545670701017	0.1755387217243964	0.4023397231805194	0.5747439162985459	-0.5679371192138556
374	-0.857622703079542	-0.5055378511936459	0.3459332447888648	0.6298794570810784	0.0234148942294016
469	0.9264450788812226	0.5647709681165469	0.0860491679153263	-0.6605431428461537	0.759202993423524
967	-0.4057565687536499	-0.2755291166954232	0.1241455888051421	-0.9194839939815358	0.4302500396337758
850	-0.865847045223145	-0.4281864215216797	0.3132621474157522	-0.1646660083660105	0.9625151547825536
704	-0.8732500590544645	-0.1209766227341797	0.540316423514192	0.8943229258004957	-0.1697086920145085
841	0.3270747440334212	-0.135846234111608	0.5085299466940454	-0.9346818784310084	0.907265215659379
194	-0.3219404179025986	-0.9085159323749744	-0.7780210615730379	-0.2911501024138903	0.2383454707316734
854	-0.5897207190359857	0.8378530672791089	-0.7963926341009262	0.323555464943277	0.2553377543176174
864	-0.198473878249348	0.9693394790490164	-0.1267716204624678	-0.7882513635737414	-0.3725937504856875
503	0.6275900394138973	-0.3175043447476873	0.9120942872238662	-0.9399479893412144	-0.9870712844205788
969	-0.0478991956018006	-0.9476065829358704	-0.0074824942352769	-0.2046311711338906	-0.1457899092793135
830	-0.5507903541200361	0.9599406587177012	-0.038219706793982	-0.2380174526632001	0.5928811230469546
579	-0.4835112234020833	0.09339482542814	0.2956348919810567	-0.0148618584934048	0.2912051541168232
968	0.1328092805937943	-0.3309774225161357	0.8941813342170382	0.1767044419663066	0.9142696650795924
162	0.2670594215217894	-0.3297622914817162	-0.2952501067806912	-0.3979078443313739	0.0977456030851995
908	-0.481153133137415	-0.3461367673238418	-0.3916025607274382	0.1460844012380313	0.4831322169336591
152	-0.7102102558175538	0.3949429233385673	0.4240280406615615	0.4109216605669725	0.42427409176121
801	-0.6949219141714773	0.4750167189180139	0.8157975875592387	0.8766314573026321	-0.8589287248140869
993	0.1804613337381742	-0.7292918354446289	-0.2068926360200735	-0.8974123020375688	0.2969291138004741
755	0.588050378540592	0.6030742237659792	-0.4189909886571592	-0.6187803338511004	0.732071350091513
111	-0.6775574254919912	-0.5511188563266787	-0.5959686631950201	-0.5159558400382456	0.0005570704155206
226	0.9460211095048912	-0.2048112040744114	-0.3974694784799992	-0.5169263165966365	-0.2703550595844026
688	0.5389858663838738	0.2125058755019548	-0.0142708311051067	-0.8676696223311191	0.0885146740305016
103	0.0171413823294055	0.8555045663904259	0.3917982363376049	-0.1319580545824823	-0.6507056282073409
421	0.5792362855891078	0.0144696173767848	-0.9532958073436282	0.2474861697280181	0.9134408677786996
419	0.50474905887536	0.8677500350558098	-0.224026480106261	-0.97123710785583	-0.6458354892054203
750	-0.7662039185832719	0.0706202629051833	-0.2236685877460089	0.7911256962636775	-0.3175111004845588
586	-0.8482733437826722	0.3902891080951876	-0.8564483875469739	-0.092020177600602	-0.2128893277873689
780	0.3878968889342	-0.92314730207535	-0.9000419426806425	-0.2009624308261304	-0.8636267604690746
672	-0.8395325086767156	0.7361133802149007	0.4264137665652354	0.4491965736952579	0.4507432004697149
119	0.0786844838313014	-0.7409701574343917	0.7648327368146774	-0.5711870340136709	0.429437667004072
53	0.7896547008552977	0.5975664715473308	0.8913962940005646	-0.4250766702054998	0.1123813852600232
151	-0.5208762186660552	0.6740266567273441	-0.6524768137285124	-0.5032327825135849	-0.9999385623092352
403	0.6529149322154832	0.472804030131281	-0.3775650098732128	-0.3467215011481781	-0.2837205669417111
945	-0.978008342683039	0.0345381128832187	-0.7949680718670511	-0.9668150387348042	0.8819846451488742
207	0.3270035382161116	-0.1081945872465033	0.7166833535982418	0.4967117073314795	0.0827488418148765
658	0.2918344826632024	-0.2060369658514331	-0.5760118906026839	0.2302582810823996	-0.6216084152192902
843	0.9221406349389104	0.225879164989051	0.9018571890050968	-0.1845037899945354	-0.913799782103352
762	-0.5030217203710685	-0.8038348384315108	0.2618435804583268	0.0629098283786107	0.5091387224114732
8	0.2022300234864176	-0.5006639822816281	-0.8692676848712295	0.3480398381175853	0.3593944336666905
807	0.8511370258135527	-0.6296088642650641	-0.6766571275260762	-0.3049624093724907	0.910896382876135
36	-0.3907724616532586	-0.3202500724638677	-0.7718084302241333	-0.135962144810988	0.9545598651328946
452	-0.1515559815060474	0.7378099689574364	0.1154176525000878	0.3550632277673693	0.6652235466522622
651	0.0742130836370955	-0.3937432881093428	-0.2625856582704096	-0.2042685939651456	0.4349299812238243
253	-0.3661559896874446	-0.7496284155948991	0.6585735986335111	-0.7655921886395332	0.0118633086391168
303	0.2748598029964131	0.0825926706021409	-0.4130223535837567	-0.357675694728093	0.1732478365673253
746	-0.2322175572535771	-0.9616154463538866	0.1565967988407213	0.3270471878269045	-0.62024934180816
571	0.5673060254822861	-0.6639715845102732	0.8122220042649941	0.0760454107278059	0.3497864061083096
623	-0.0309540296179573	0.9152505690107604	0.819886287708784	0.7481435466103703	0.3806456938014579
732	0.3303944413924002	0.0540829278233032	-0.8843111011056788	-0.1065709454829593	0.4480583775458424
891	0.7113929362125715	-0.1970113682774235	0.3872361149475904	0.0625880367018638	-0.8885182928251165
262	-0.7198319695269519	-0.3792760821528524	0.7850465799096922	-0.161456677667956	-0.170348688957296
610	-0.921375720317802	0.7601581751229165	0.6786769847120047	0.1425209398741946	-0.3215186776523273
297	-0.5683579450063136	-0.7908643193311995	-0.9265572749983576	-0.8517891548502659	-0.6971089561292854
414	0.2636744243395985	0.062339056002064	0.0109102358208998	0.5674765021504729	-0.1784223800007764
150	0.8165317719333074	0.4167259534300696	-0.3295839052582545	0.2604944389123158	-0.7635627554178228
788	-0.0759883927117346	-0.8666959188786201	0.9028596207236644	-0.7625818089817771	-0.0140860566882798
640	-0.9598576044445472	0.0799142605611191	-0.4038955827211137	-0.5237066926686074	0.8914994044518603
889	-0.5136556180010918	0.9836199026987268	0.671651855821032	-0.1935787336323544	0.3800937768188992
550	0.0403270022239867	0.902806684413314	-0.3023589320610413	0.6076097809669503	0.8655058781206264
886	0.3054922157037494	-0.9813367603458134	0.0138408759236692	0.8328410890641325	-0.3141406744816082
488	0.9008229681531176	-0.2228837974593085	0.1774630442626397	-0.9365124692540228	0.5604252970712671
147	0.0053580464577229	0.316903669316851	-0.2844034693491164	0.3329260950536714	-0.1959455662235185
146	0.2191286679597937	0.5948520432138562	-0.0814696056535722	0.7906921783063385	-0.7931317702790333
720	0.8766809136420757	-0.7155012626256076	0.7971212093496787	-0.3132265956447115	-0.3099663201508678
931	0.6698604735985982	0.1229691759190474	0.3220285084946406	-0.6376334418998344	-0.3157347997762101
739	-0.2461111411501848	-0.1717404949421459	-0.8487899187664985	0.1557822253881766	0.2426612483114145
659	0.1415566093378237	-0.1055949189903286	0.3147069643402571	0.8212114344288435	0.4407679971728915
348	-0.2507747707470575	0.9752991274721156	0.1873215824170768	-0.3723463835511689	0.6518646171000324
463	0.1667375301943192	0.315690609206072	0.1387547223645655	0.1986042322788754	-0.7295653725742905
325	0.475793833391537	-0.3262084164577863	0.910121022969978	0.5034939847916808	0.901065641908818
186	0.6344444004024317	0.3757714446016267	0.742408964526104	-0.2862280496577796	-0.743348275622471
123	-0.7798961509446465	0.6190321494497562	-0.1644780414498006	-0.0821189668063593	0.8005282224041408
853	0.7961085788814275	0.6930286773805561	0.8364781733508742	0.8769643164283092	-0.3148178343777363
608	0.0068345417097137	-0.532575836179134	0.4139529749114323	0.8542475637288987	0.9125837630267226
143	-0.3982433803664607	0.1314639279915821	-0.3712997736325032	0.0766638865114268	0.6630366662244471
958	-0.6674332624878412	0.2723547294164654	-0.451856821315618	-0.8987550554618517	-0.6271603902920508
197	0.7942205199051542	0.937755710571383	0.72912721904534	0.7526388662846231	-0.4309172286461324
609	0.3807896572587306	0.0800238292090211	-0.8746207567562683	0.9398530506903816	-0.246647119141075
279	0.5915853388722021	-0.0022236930972878	-0.8581355677324531	0.58311640518274	-0.2165150988754436
293	-0.2796187171774742	0.3789299382745315	0.0331452568919581	0.0835219285351265	0.8160370908433248
400	-0.7937522623281348	-0.6659161841981003	-0.3187916668374166	-0.8654881720652643	-0.7534324414021063
122	-0.3639930500562722	0.7242552345309012	0.9342532305183407	-0.8749474085143085	0.39566557101034
183	0.754678706761962	0.8640562110200349	-0.3921071975185524	-0.5000861072047575	-0.3695211307010984
202	-0.6767425718107725	-0.9557528969420056	-0.1549031433761107	-0.6122738641262147	-0.7489004202030458
438	0.4124844543129924	-0.5962930957541033	0.0828152146951703	0.8563641962279029	0.9850292403239428
246	-0.1436317033653713	-0.7375102446352249	-0.8727181814267153	0.0002255041532539	-0.4982418002185995
415	-0.1031089560433604	0.873211384589923	0.9280348142354048	0.1323613824501417	-0.0207118479359347
932	0.9688043614071042	0.1213201888323418	-0.8430883673657521	0.2455068064796821	0.9231014642751324
765	0.139779369742633	-0.35064814621988	0.9158682421135408	-0.4001158604459547	0.9842712789571656
906	0.6348871234768818	0.9161469602387604	0.9461563259446656	0.0281908851025194	0.9316646394366652
835	-0.1621491009909041	0.3129572146630053	0.8390620493120995	-0.3934282183014341	-0.8251069964002291
887	-0.523634437906547	-0.506642270956754	-0.1811758563659633	0.2708287137238196	0.3677402498180639
129	0.0214946051551314	-0.4804924324793476	-0.1450206241587697	0.6769836676860497	-0.9977758116076252
637	-0.5150589927305407	-0.6951679733391651	0.522075580501566	-0.919881761898611	0.3246274774614399
402	0.0105047448957142	-0.926657146132914	-0.1807422102095359	0.9977852240665812	-0.5083051150131994
784	-0.6368045663971487	0.3187078444115654	0.707569843409334	0.6019614008067298	-0.1652104353417041
770	-0.7787365260895855	-0.0811064631880267	-0.847521564052871	0.0933913641442603	-0.9860354762393038
735	0.7544010816262166	0.7732084304809335	0.5703790862968168	-0.058079495130533	-0.7617186560079037
913	-0.1811766956175191	-0.2633809389863033	0.9336909995985708	0.9567095741137132	-0.6090839992632002
219	0.6984468209883559	-0.4534809460035813	-0.774839219176126	0.4648020981167582	-0.4953761458606258
641	-0.3558416688336434	0.6840665887528425	-0.789270155498287	0.8168691037587505	-0.3741609039423548
915	-0.1277469417293666	0.4441418764054741	0.3260943836068448	-0.2096894050553899	0.8329783022310284
752	0.2554161061428357	-0.9757584507122136	-0.4801900415143343	-0.3722438469699454	0.3511735471348776
806	0.8687340295380297	0.3227412221408288	0.5146204142688777	-0.1375322604168842	-0.8442869607824608
919	-0.7197736484670949	-0.1747563183027525	-0.3941381887191415	0.6108600860919582	-0.3223530351543853
624	0.2365095430605919	-0.6493941152846807	-0.2453638920736143	-0.5006620945195397	0.8900481291611375
874	-0.9492272886793104	0.4656030895325012	0.5607310060137634	-0.9161695665674848	-0.4002048140109275
760	-0.6966502405344976	-0.0912453308800782	-0.7053939114420593	-0.7602178130545758	-0.0335358482491296
386	-0.435930854857387	0.5469462513732013	-0.2576551531247448	-0.513206633562939	0.9195820408097004
972	0.4651441944205006	-0.4538583800543752	0.572411304522116	-0.4495216379259834	0.0500986804907692
509	0.4514390167767199	0.5297665230842565	0.7861804103908299	-0.8752118628034455	0.8829484750121308
267	0.4049681679742185	-0.0401223305657529	0.4052675461710326	0.1213565898778998	-0.877107419738425
819	-0.3296055167081981	-0.2361207206942082	-0.2859413120599756	-0.0452992037551973	-0.601560628325847
441	0.9732791570023508	-0.8121985684211632	0.083409624820008	0.0553549324433899	0.6612455208635826
496	0.1673122237017441	0.238980692019229	0.1545580584662624	0.7259936627177441	-0.0236446493783719
112	0.8593953046851461	-0.5523647703547538	-0.6315503215239477	0.4281054467562535	-0.8612118281916332
691	-0.1491271227671664	0.0051321529268848	0.190263349811363	0.0494712753228643	-0.2856153320139103
232	0.1538077692527182	-0.5737905919498334	0.8057899903839745	-0.5092953716675779	-0.2827568360928172
869	0.8922309242672655	0.451959819970591	-0.2938992167993952	-0.8597837207174861	0.628767841338163
607	-0.2714602779038491	0.6007130156447231	-0.447660884358201	-0.4285848646782193	-0.6343732229215482
671	0.7935308492528503	0.755948640890139	-0.2097381847769934	-0.9007712533223252	0.7585591123140134
373	0.3660135468327137	-0.0154442871039304	-0.1401378452197037	0.3239378895877371	-0.2044131181418036
981	0.5418244074916438	0.6052866195914208	-0.5300531900080945	0.6112976107266839	-0.5152926097264754
842	-0.6439280662604971	-0.1211900206110956	0.8368528642908173	-0.0488076163559834	-0.2953458914949214
233	-0.0149646123622722	-0.9377318342309772	0.7045277487823629	-0.8845356815497656	0.8226783801572615
785	0.8169011226672567	0.7902354814130728	-0.5160457393659093	-0.7910909637996972	-0.2462662393056229
676	-0.7759221956638953	-0.8381614338974956	-0.2644280244876942	-0.653007899289956	-0.905606596605242
317	-0.6534113598583084	0.4631790435106637	-0.2108478488047072	-0.989373048663308	-0.9194289624440032
648	0.5783424772146766	0.5640561753407718	-0.1345417279605907	0.1938213810933122	0.7460862940304067
410	-0.3613727248191702	-0.5883175799264635	0.3765484715604741	-0.177616964010828	-0.846483876222524
898	-0.973996152978528	-0.2892308626285211	-0.1495436291246121	0.0805930635806144	-0.8204809988796857
709	0.3630054444478585	0.3004021847963067	-0.4133827784388706	0.9267206408920758	0.2974942277900363
358	0.8804604828499152	-0.4463444055298968	0.0679349450955275	0.6436618931707185	0.1432152989658877
258	0.1401223401787299	-0.8715821258497318	-0.3661068244177614	-0.216281253623948	-0.2905428865395747
744	-0.5355746097063654	-0.1676920036404769	0.2448272831319933	-0.9862440755607014	-0.5345433021688963
627	0.494941876267513	0.0716553689461625	0.3740385330064855	0.7413380682510353	0.0011586348616625
632	0.0233548842313322	0.329823448974436	-0.9912734606993818	-0.0833528108248491	0.604792061107265
282	-0.2488340947201119	0.1192973669738282	-0.0550132899869728	0.7099480391229487	-0.58233812901082
376	0.6897506219389091	-0.109389489994669	-0.3873730024435746	0.5217026618615634	-0.2344317991939188
384	0.4701420876077715	0.3134733290825844	-0.3622663633577223	-0.932647192251072	0.7560670256889139
224	-0.4695952646365491	-0.1605453661477554	-0.9751919274453704	-0.6685036460695586	0.166260438199167
953	0.8288238918499196	0.4713262284783797	-0.0765677123737618	-0.7290809264106184	0.3475124595681795
814	0.7397927241242566	-0.8356566650471453	0.1301706249055125	-0.4942837634997776	0.5388851588431136
472	-0.9136801760988478	0.7570311226026958	0.818909221874484	0.2193948503052318	-0.5833692199829641
347	-0.909391980455911	-0.2579224740307946	-0.27616001832427	-0.5954916389509302	0.1093740495767343
505	-0.6747661213102174	-0.202354438206199	-0.7814715793807572	0.2452610671973161	-0.4287480228755138
639	-0.2454316737907547	0.8540019358485906	0.4050810030696139	-0.5849181275885931	0.6238924692757668
987	-0.1303453227925075	-0.0070776952894004	0.0095911966090562	-0.0998827211475494	0.2005028201991661
928	0.2669564396522945	0.2846510518104548	0.5084965193641615	0.3760911141482577	0.4878103746043039
905	0.7853434221539497	-0.5950388796695252	-0.8907311599980554	-0.0319588549811917	-0.6766108934520263
619	0.4965193807673167	0.4613010204784922	-0.3733041648297137	-0.6497537197392935	0.7173962424891478
855	-0.6186245586726669	-0.4955179596532768	0.0119158154698633	-0.8463939033711569	-0.6159678305199265
803	0.2134300927657118	-0.4069288374246895	0.9202712088108944	0.967134413027326	-0.6197424673625886
645	0.7810545614797899	0.5105408409936159	-0.2798990681980433	-0.6910155919901484	0.4839554590279717
846	-0.8293006638427123	-0.7569972473981639	0.5750981717175585	0.9423018147365716	0.8955593959384596
556	-0.7319695430987185	0.2219619777019834	0.0451531986734903	-0.4527191642784567	0.3260544074462947
957	-0.90606806644989	-0.157503893411856	0.7233818075746905	-0.1607452343863793	0.2694882822080591
577	0.8531752503229888	0.283943000886532	0.2069861920867572	-0.0212149251868225	-0.5806194451395983
795	0.744247817888303	-0.8304159679083936	0.1871218707575719	0.3174352774540443	-0.3591974277195702
85	-0.3496333559465059	-0.0651969775002605	-0.0043749839314195	0.3602237708939453	-0.8801133982773834
242	0.829728780440897	0.541843689288104	0.1656136701669792	0.0818100076761616	0.5125075828448686
698	-0.6912745694515954	0.9262302231783476	0.5479827563055251	0.8664101755186124	-0.7232568105588868
159	0.4564326972237191	-0.9415054339308816	0.4976526739266129	-0.4152337791756137	0.1314899012265784
524	0.6766574094222757	-0.0282564816273487	0.60887441535901	-0.6650178218117846	0.620322179919405
35	0.6167946962329223	0.3925775517562795	-0.3009872558263624	-0.4473617830682928	0.976841987926962
540	0.9081020545174447	0.4180925234448653	0.3170810313401098	-0.5789861206693141	-0.6563410792846831
170	0.3551287236845648	0.2338538367514844	0.3726543933721948	0.310347429048676	-0.6462060983520321
654	-0.1366809075406412	-0.8247145064723229	0.5351352570358365	-0.9390726273820796	-0.2332057178834821
890	0.4445338637113183	-0.8016438008255682	-0.3356179337687908	0.5047957646075758	-0.3677973769060589
857	-0.0558661097800015	-0.0789210054517199	-0.9221400733486652	0.101326758881703	0.8761282791362626
847	0.9937485036918948	-0.6050590202801254	-0.4979972334753995	0.1243776221290502	-0.7176018729256302
944	-0.5871574564787936	0.5772299293448129	0.518010565043862	-0.7995088725542467	0.5878702669037026
733	0.0461308495382386	-0.147833232219257	0.9155796019764078	0.0030359207003327	0.8576159213757706
95	-0.0124088072712185	-0.6469439359889835	0.5857088380676787	0.3449209960500576	-0.0693261321210279
563	-0.970910668664236	-0.4503879289037278	-0.854196329264193	-0.1627854501633401	-0.9015581709184768
240	0.8809171687058286	0.7372463359112216	0.5891565574003805	-0.1684497929533561	0.351325804414146
742	0.4952187603525022	0.5386097872826796	-0.6083338317314599	0.5140962293972509	-0.9288195383870472
574	0.7247274174934903	-0.5665203998184487	-0.5479420043680006	0.7790386220875263	0.520011089924197
690	-0.3526415271915126	-0.6503227454791749	0.0618753568241876	0.6537171219455062	-0.261727612381591
460	-0.7649475064457902	-0.212271188691683	0.9876967777993964	-0.4494235730962796	-0.1945210305063385
553	0.1218759430707725	0.7684129266968156	0.8953760519289415	0.0110175207797278	0.7723425881119861
888	-0.8011172144813097	0.4529234302260096	0.6217571620158369	0.2596413088694154	-0.949302791472123
206	-0.7970569142679358	0.3665907532130104	-0.4399253408990211	0.7175285586989444	0.1711274575866037
392	-0.2559638284144336	-0.6604841898249185	-0.1389413230755849	0.7762363778680716	0.291144362854856
794	-0.963779632358319	-0.9166541987952316	-0.1260082286687582	-0.935113107905626	-0.4038675976599917
397	-0.1420119452499633	-0.5025714548247402	-0.9491044801884982	0.689742695510458	-0.8456249395470641
766	0.5249173714813811	0.4747141547755993	0.0593194478912397	0.1921639104766119	0.7150612155038474
848	0.0043900206624851	0.773849800418539	0.1281480576670355	0.4295065528878916	0.5270316873364245
217	0.4929828102360483	0.3609986041494262	-0.4369576031701401	-0.9960157295618596	-0.0037401129039151
4	-0.687962719115127	0.6131222957228994	-0.456100547742738	0.1434919662874973	-0.7015010605170522
768	-0.3158365025681851	-0.2482234297084613	0.001207142309415	-0.6711889418422425	0.4127439936199921
642	-0.5771039860069107	0.0419159545440843	0.5636477266898712	-0.0638618915314197	0.717012909103109
929	-0.4842246291335954	-0.8702928110340633	-0.2136095979441554	-0.759224842421822	0.8384160621074503
612	0.2558007789818155	0.0659155731026706	-0.5063522615961955	-0.2509035132408375	-0.0276526917902339
738	-0.1217301828595631	-0.2644812982454207	0.925536700506412	0.507736165419826	-0.2503501513000046
546	-0.772884815600742	0.6119850995503162	-0.8447013306567899	-0.8345263287636202	-0.9722757281742798
725	0.6836575535165441	-0.8754164037398746	-0.3941685423336147	0.8572611242307882	-0.9995459235634888
683	0.337286439848862	0.6449611272687219	-0.2418119026561276	-0.5261333501867027	-0.4034550915317545
98	-0.9491617465118096	0.5591689471335066	0.5958283192317881	-0.983360115545616	-0.4828168177304319
804	-0.1517386573952279	-0.3005935405083009	0.0429192774429438	-0.480658322099172	0.6425003091194086
727	0.5905346237197804	0.9933937077059536	-0.5435292730126018	-0.815278943777243	0.687758822461858
573	0.2441734004557469	0.7255941550864571	-0.0471260273124167	0.9789022619301128	0.516080842022433
406	-0.2215966425316737	0.6883408979383943	-0.27081254360492	0.7160465420144584	0.8979613340940027
502	-0.3809447674273445	-0.9487158683871286	0.1470579029111465	0.9944757998072054	-0.423630948080941
47	0.0401360423556216	-0.951198436886924	0.4156701944595373	-0.3069516640945635	0.128463633369072
32	-0.869896814029441	-0.5399823254245939	-0.0721350266233276	0.5018795967266365	-0.8375407303866547
779	0.2822952657705946	0.6817431588518452	-0.5816290691841444	0.7967729331680697	-0.532865277862778
839	0.2645285758390607	-0.5507687763122961	-0.2565518671953135	0.3677329036706864	-0.4520238010600563
200	0.2840632923085755	0.5165263918580452	0.9536006570213188	0.1067423794995436	0.6999186610064108
134	0.8858194078250383	0.3665175273191918	0.4387072447383171	-0.5994359642647482	0.1869227654094476
27	0.0284688768272232	0.6890987970701408	0.9625941809944932	0.2834687945971164	-0.6873660585822783
880	-0.5378504068238572	0.3777706041001814	-0.3368706018656124	0.0048545743327528	-0.5918246776884795
230	0.5896226070832968	0.7881984073582688	0.4863863974632068	0.0384491415604102	0.4034765477545143
489	0.7805275677818326	-0.1026127547549387	-0.2493401841607962	-0.153329711693605	0.1277858421108046
772	-0.7450226753360352	0.7841693778804688	0.6139309817679872	-0.3120846268846289	-0.5304911565500574
378	0.6289369651778716	-0.2815332612004686	-0.1071609671968356	-0.8232301060309626	-0.7093466151589918
288	-0.4269174957434312	-0.9335937824172668	-0.0359178837758349	0.8035480570924574	-0.3090382925531085
418	0.3450369121540768	-0.0956019434331294	-0.9380884181613128	-0.5359636393823786	-0.3292567875650751
674	-0.1792063460206769	0.5800608726141228	0.7804300052723487	0.2166390000155433	-0.1844439311876746
391	-0.174764646177147	-0.8530065053399747	-0.6662795966024944	0.7958383739153316	0.0825402218833561
592	-0.6362398312017103	-0.7432114210917495	0.1050019348157782	0.1354546358621091	0.0089118833387107
498	0.948789615332333	-0.2404284396415403	0.9614786871668588	-0.6066928300940826	-0.4773339642292324
138	-0.272740795241412	-0.038826845346704	-0.6251761118048356	0.0428980483337602	0.3301119780132622
62	0.6574750183038587	0.5365468277290364	0.612807234465679	0.1980891743007631	0.5307267277160814
471	0.939757653415278	0.476898418502653	0.9280576943310276	0.5582051727915736	0.983065551654773
647	0.3582046382889792	0.6521352605050568	0.0008022914204024	-0.1400295717578805	-0.495370527729694
128	-0.9860957389376186	-0.254622965975372	0.763855516609288	0.9029814203535744	-0.4083518050069279
976	0.1901558614005096	-0.4814064822684525	0.6779946554360214	-0.2505560589852471	-0.7531002683792898
520	0.1882614307042702	-0.8794652194208783	0.3850648630742159	-0.5412684459246553	0.7233297693982019
838	0.1611767005560869	0.8561672806520995	0.5220158469907841	0.86749884600294	-0.9203771211084923
962	-0.5093017806373581	0.6796045712712344	-0.3287790914603146	-0.942695144844691	-0.4161776530043855
64	-0.4381309806252385	-0.1572859954458596	-0.8960868448914632	0.2970096402373763	0.7311247663444069
812	-0.7506746375934663	-0.4699071433499919	0.3332009580932384	-0.5469567479277886	-0.973542374189412
14	-0.6363500655857988	0.4111503450313769	0.0648413645504342	0.2425848980992202	0.2830089625125034
156	0.3442710948117571	-0.6827897894138526	-0.7160560204780122	0.8725612429378533	0.0805988135229993
40	-0.7559235303104423	0.0789825847506744	0.7012321156822756	-0.6412706359755791	0.7322030907556694
492	-0.4452376340377346	-0.545460745473697	0.5235963827553944	0.7619460112793148	0.1347818883121467
379	-0.4362904504532001	0.1859017028698548	0.596760681036705	0.3978976569747712	0.0113934875627479
187	0.1104016231989246	-0.8643258817896562	0.5321295530706052	-0.2924216825271279	0.1569850164586601
763	0.4878925851453539	-0.0235177259564436	-0.1046531491791633	-0.424109314648015	-0.5027902307733874
216	-0.3492006036814645	-0.8352379087683146	0.6587893297176939	-0.6694310197140851	-0.9168420803068124
791	0.1724596640335944	0.4748675374429711	0.9622874635836438	-0.8655316398188777	0.90680575876419
52	0.8789978831283782	0.8781353970257924	-0.6684509196734485	-0.4629324878647853	0.6465464253600604
878	-0.945808014993033	-0.4049030973623588	0.1822606065170329	0.1140810265500702	-0.2749960309369736
337	0.4073157187600473	0.3604564848625826	-0.2618939564781668	0.5174306423278414	0.8048065522213494
748	0.8129442219290939	0.52057964624427	0.6222475398669418	-0.1951874814013765	-0.2163782107656566
719	0.4617349504072885	-0.5216397915681488	-0.9528100707089416	-0.4779029475303038	0.8413828015572391
724	0.1489462263598238	0.3843226833882638	-0.2039894140909943	-0.2549821368930682	-0.560730142810862
295	0.0444865201096087	-0.5996995115103798	-0.9846719347015492	-0.8668705441715543	-0.4073483962003998
701	-0.8963529263551462	-0.135004243339736	0.9520276465584272	0.3569999365852756	-0.8532718650807947
251	-0.2298045427961494	-0.0369552969748998	0.8192536388731848	-0.7692107156421653	-0.875926472742437
726	-0.720455246747421	0.0188442562995794	-0.8686102820912684	-0.8763830786215547	0.8300030754950545
461	0.2984206042321271	0.3024659540829841	0.760629524297854	-0.6875868626267561	0.0392233516060149
455	-0.0147497914182817	0.8618973910139556	-0.721606597308609	-0.665285935526438	-0.880765349310682
996	0.8346271509244856	0.913229242166916	-0.6854535836405693	-0.3311976420225027	-0.7612379773236064
815	0.0376761142521442	0.9357200696900608	0.5432538219572154	0.1552635086888452	0.8695910349855667
862	0.04878053865516	-0.6451424610605863	0.9009183411505914	-0.2530841097345895	-0.8619261261772502
269	-0.4128163114710133	-0.4166748425813935	0.0247275550915813	0.3772632586157511	0.8810079057588052
201	-0.8317200700099023	-0.950826167082397	-0.7785588133473687	0.00626494510308	-0.6075085665876687
161	0.2646116611871589	-0.7422602650531096	0.2418571349568623	-0.956173342449982	-0.8298872290215178
555	-0.1930342675752059	-0.5759103201835467	0.9102304145834028	0.2479969710579648	0.129181277866927
729	-0.672688114268591	0.2304388764620217	-0.0318458605795968	0.1904256682537495	-0.6643708087079427
401	0.8051058133591333	-0.6647615674233647	-0.856576222304698	-0.8101641263566606	0.0371233773314678
702	-0.3267914436121588	-0.3763677338294808	-0.7488995704746932	-0.3649005994848231	0.3262924979504176
476	-0.8524068705292023	0.6156918838825172	-0.7386953123530742	0.9218402938576492	-0.1632209332433329
821	-0.9907359539907944	-0.7572271636811871	-0.5426464407927825	-0.2748804068818109	-0.422062950157883
771	0.6929045834690364	0.5700330876741138	-0.450592369904216	0.8048260665722069	-0.1930380619460008
105	-0.5014155417022501	-0.6522095015610254	-0.3664766458649466	-0.1311933619867804	0.3276489497054502
565	0.1798353737092661	-0.1525234927024743	-0.4094190119041134	0.4500121525982374	0.7947714349274297
389	0.613669478534528	-0.0924209172327215	0.3768100369842737	0.3336947826113161	-0.9118682768592372
1	0.9014286128198324	0.0838018947567162	-0.5060424018560004	0.5933627943827446	0.6108646585999726
937	0.828597613120998	0.6500988203601241	0.1675455610282232	-0.6795487980469874	0.1379109665637015
982	-0.7868034937324564	-0.0836262265242147	0.4097420200867634	-0.5513628822929475	0.3266214190080039
561	-0.5740716769821785	-0.5262588820510359	0.4141729545333963	0.6447624223707087	-0.4255575815896983
80	0.726206851751187	0.5726900288311041	-0.9456651575488804	0.4730704566695851	0.3847086123088283
205	-0.9816058967667408	0.5408148356155864	0.8361531043983013	0.6758167497036072	-0.0430178597856216
34	0.9312640661491188	-0.8460935967415817	0.2170545453929331	-0.4442944478205755	-0.6875969841388014
775	-0.7001651453024524	-0.3691862085039745	-0.1343679955810615	0.863109828618962	0.6550473879076342
508	0.8995998265838481	0.2158101855868892	0.693937708414121	0.6947758611427475	0.1696556226115817
427	0.7754083655165995	0.903623570846478	0.9118376579106384	0.2492280962290631	-0.8060686580691505
454	-0.7776050353876973	-0.9392258806063264	0.1609352019873919	0.8833839733160611	0.7328463670794003
366	0.9223811276478284	0.4316499293641771	-0.7539934097525087	-0.3509763996493158	-0.8397885467807955
91	0.42648957444599	0.2992932979847369	0.9289533078016232	0.9151620301676346	-0.3173627080998957
339	-0.804331678697997	-0.938694995588388	-0.1621044196250491	0.3082654740557473	-0.5673344447383459
897	0.7926716370422395	-0.6239505307691677	-0.4350551472599926	0.665859431148456	-0.4040455290083125
564	-0.298824882386806	0.6452286370273568	-0.1942534347347257	-0.083137151737124	-0.5378382942510076
345	0.2317001961044329	-0.1490133311038493	0.3371452934458281	0.4327942239161979	-0.293794222123221
776	-0.541497209534717	0.3762694121730843	-0.9122001147139898	0.6419620345982817	-0.9988041223304094
241	0.9078571540051747	0.5531937055834835	-0.9306594665470334	-0.1421113331397114	-0.2081255476081003
13	-0.5753217786434477	-0.9211463772629882	-0.7215092577648097	-0.2940829930952868	-0.6131293140870349
315	0.3919484121873959	0.2871553903930499	-0.7370217602040368	0.323368576799713	-0.6456929535547489
600	-0.6621298738556709	-0.6162653505625142	0.2591153937834731	-0.7175529132537011	-0.6027367722762618
387	-0.6451209124405544	-0.7382526785633003	0.2021483336004659	0.1146743391460161	-0.9026103032001404
273	0.8264811051129426	-0.9207623493032856	0.3044485190909449	0.0713131986951571	-0.0451676210392926
166	-0.3584398700565283	0.6642683559154838	0.2682842765914737	0.8542212577168546	-0.5194017530992665
840	-0.9738110868233328	-0.2556659523249733	-0.2150836275410399	0.0631443053734623	0.9112989345329788
992	-0.4557097255400746	0.2204502989552825	0.1054141514370905	0.5049366751729887	-0.3167177746187963
646	0.1871849071080973	-0.7445730327295303	0.9135996309685724	-0.0254692917998984	0.3554464824026409
818	-0.8904767223559373	0.2493271377085275	-0.9819230618414156	0.6413923215335586	0.7763826993226082
484	0.1686286238462004	-0.3508283401994594	-0.0746487898692129	0.1663816085541951	-0.5797856141752964
980	-0.3315122183660783	-0.6277971643074454	-0.124677343703593	0.6647270793219899	0.9545676463538586
504	0.3694623451077585	-0.2396087624282858	-0.5990509689431944	0.7947317315818638	-0.0075215561983721
831	-0.0951209677346132	0.2037631792726442	0.3248680234021361	0.6168114777873819	0.4789384664774545
243	-0.2596825994891112	0.6895664562337753	0.99087503238262	0.3928596140722145	-0.0916326745265878
566	-0.2155119098005353	0.3350997985829409	-0.5352313538879043	0.148575150180422	-0.4876169711212901
875	-0.6876948052676193	0.0844744109836965	-0.0473285333978024	-0.1616342481957573	0.2855901410126182
562	-0.7272570488264605	0.5610510304877236	-0.8995479770720525	-0.8860425460052634	0.7595048045886872
686	0.1432253789397997	0.8455143810267887	-0.7512632019989796	0.8582894344233747	-0.721491858430592
189	-0.5162954181990966	0.4163441772905631	0.3299698069519905	0.5785856966393712	0.4012229927889033
782	-0.4964018821860945	-0.0770450707505316	0.9623850583282316	-0.9783778327296072	0.1110991397712397
699	-0.037719796290365	0.0990590717900339	0.5458429637522302	-0.4690071851418553	0.965479081820772
475	0.9859295922386008	0.3351867711271694	0.7399383192953699	0.605621869649001	-0.0323949202787055
681	-0.4841943459101203	0.9512204017198298	0.6709604514843888	-0.7490274064016986	-0.5024164225216459
510	0.2268303918715797	0.625971477432187	-0.8750848127618571	-0.3294418998434085	-0.651181465777001
58	-0.909545422178924	-0.0402487593921823	0.3019469343019083	-0.848832772291866	0.779826752725725
474	0.0554022181725997	-0.3459336768735226	0.0667732575307251	0.6763099499772851	0.3384380598497334
560	0.4081595361984471	-0.2931572413945638	0.5890310889814974	-0.3870730639143593	0.4403149218618805
856	-0.9269006643038102	0.5100838574925566	-0.5582944340739822	-0.2906675900298343	-0.7079579614060749
747	0.0871057222279771	-0.4803735825099315	-0.7060745808235807	-0.1776050222349083	-0.9220843073030716
252	0.7022733430337138	-0.765383622075211	0.3384005258761569	0.2112757786468229	-0.3213894653808651
21	-0.7210122786959163	-0.4053019852548984	0.1203363669236838	-0.1344662408014747	-0.5189368296397026
313	0.92529682935585	0.6345955399249874	0.4045175320633285	-0.9832726362462858	0.7502672372423043
459	-0.7623641674638562	0.3177709404653144	-0.1964423986913515	0.2972779135376311	0.0971768301093769
160	-0.2644337345614935	0.6516335011295253	0.3022951697633482	-0.1121610909872443	0.0289226554797883
276	0.5965903579335503	-0.5159099682749451	0.4871878323531196	0.6866523355757663	-0.1970764418219135
955	-0.2337229435010051	0.8662266626871153	0.3891908545065707	0.7368190478938681	0.4979263017207971
191	0.7944315159066535	0.1643409203525465	0.8143900614116597	0.8275768877465186	0.7457188431313291
385	0.6069618607696972	-0.3496198715506102	0.1643974931882277	0.7583715452024953	0.1157473513201463
805	0.4728884712494456	0.5493070623623637	0.9546158159830074	0.939447265595954	0.0892617422142716
413	0.1468757762465722	-0.8858262878213703	-0.944926560261069	-0.2791463457170278	0.2836390336028707
491	0.2402651956030734	-0.2534964167413198	-0.5935538178278255	0.2136939110802782	0.3899062386860954
343	-0.1322967015240539	0.454338139532616	-0.2904574163280315	-0.6870465679927988	0.6526816219003735
769	0.6425146093440257	-0.2110474428599293	0.3592406654702156	-0.7668338508886066	-0.3088408282583739
308	0.5903723895374073	-0.3210996149143879	-0.7723232130467972	-0.2608516011464536	0.6573058122365785
661	0.9730304975859594	0.0313588553929955	0.7603134758429702	0.0025512892514587	0.2086259644806396
130	-0.165177993702442	0.4468402273771699	-0.6755331884350413	0.6101806369913254	-0.4560908812036026
663	-0.525546416528011	-0.0060730341883394	0.3556264006200884	-0.9301768946875524	0.6574179676360128
871	-0.4585106537128924	-0.5729772673786562	0.8929130263008109	-0.6364422655652762	-0.7354625698030366
99	-0.7842171460133911	-0.2997494816665398	-0.2080590546750902	-0.1328344147347713	-0.9442955183578512
372	-0.8111140784881432	0.7087701867391583	0.3849856533384506	-0.4707299461492853	-0.8976995887592047
87	0.2751149427104262	-0.6659321078158495	0.3135602094485881	-0.969210216617383	0.2119939345420509
458	-0.8873934486363253	-0.5686496952045657	-0.0222043364150972	0.3942716117836184	-0.168362863963178
330	-0.2880546426974768	0.1107271018752624	-0.4847855593325563	0.2409475701039412	-0.439330494897175
214	0.4243584426950717	0.3873644515629773	0.4533419841406465	-0.5408036784920627	0.2755482836911831
466	-0.4285758274362785	0.9543483684426346	-0.2097245134713627	-0.0896560165326871	-0.7339804021853424
121	0.7921825998469865	0.9113029964595069	0.0104135471532764	-0.5048804594402272	0.0509406147117863
614	0.7471572482135544	-0.3339961738836041	-0.3674597005413864	-0.2652185426058591	-0.502920358145148
20	0.2237057894447589	0.3948405344936798	0.9267888684271008	-0.428483350814588	-0.1773920558675374
700	0.0651788651031717	0.93164432230644	0.0425920953082779	0.2229272224513216	-0.5000542182623406
71	-0.6025686369316552	-0.5327844979001801	0.0387717190078746	0.2200148341589713	0.3529674990412088
106	-0.1792341539287405	-0.2075159621946825	0.7143585139975059	0.446895635700002	0.9306054472607996
270	0.6187223109570272	0.3899637722530851	-0.7915503943833047	-0.4934552329545698	0.2975307723187719
860	0.5510552333900212	0.5528948929994493	0.7335407090120005	0.6293420094199784	0.2508669003331869
435	0.40193826291824	-0.940052820254644	-0.2210362101951593	-0.221539056616423	-0.438798373524168
102	-0.3712880378473466	0.7675717699268514	-0.684090354329304	0.8290973276971179	0.096290405456044
